{
    "num_types": 4,
    "particles_per_type": 200,
    "attraction_matrix": [
        [
            -0.03977897933040885,
            -0.019841317608051134,
            -0.0010672897531005116,
            -0.022180116763896852
        ],
        [
            -0.012829043450942816,
            0.030200586725486922,
            0.005107968523273977,
            -0.033741166576532394
        ],
        [
            -0.009753017163916147,
            -0.028170964839846636,
            0.010577154742723041,
            -0.04127706293837975
        ],
        [
            0.024042025422157123,
            0.011179318391741425,
            0.0317767394944662,
            0.011413763671348241
        ]
    ],
    "min_r_matrix": [
        [
            0.7080077914535806,
            0.7552939379268608,
            0.5922616562702243,
            0.8663194089356347
        ],
        [
            0.5134219646817353,
            0.5212994990908597,
            0.7339990236932113,
            0.8337164018767783
        ],
        [
            0.7098020535791594,
            0.5376927441492857,
            0.7367257605858959,
            0.5793658208292081
        ],
        [
            0.7147736383098118,
            0.892391734862872,
            0.9439460359456575,
            0.9038759906635958
        ]
    ],
    "max_r_matrix": [
        [
            7.57747656670038,
            6.836152022677794,
            -3.4990509724513146,
            7.836861582588007
        ],
        [
            3.0374727935234453,
            0.5653903621127743,
            -4.421151395975162,
            -5.054910907070211
        ],
        [
            -6.823374293367386,
            -3.5880721191464815,
            0.8697132849777915,
            -1.8690122192475904
        ],
        [
            -1.4506518641226442,
            7.560114732936999,
            6.316252647701724,
            7.0063304533296105
        ]
    ],
    "friction": 0.1
}