{
    "num_types": 4,
    "particles_per_type": 200,
    "attraction_matrix": [
        [
            0.043007847398487106,
            -0.045129351502529384,
            0.032827366147730144,
            0.020205586735205366
        ],
        [
            -0.0017439503332039238,
            -0.0038341359739124878,
            0.004105949621290593,
            -0.027861995565523226
        ],
        [
            -0.024461852848848366,
            0.009661756213015203,
            -0.032248396418069716,
            0.006030330106877577
        ],
        [
            0.030266502518978625,
            0.029522770689286035,
            0.040586498344713826,
            0.04710041859610592
        ]
    ],
    "min_r_matrix": [
        [
            0.6502933544931002,
            0.842499142620815,
            0.9621752134486495,
            0.9955226714805436
        ],
        [
            0.9803433952012516,
            0.6551113488130351,
            0.9956608666609533,
            0.7507240940188773
        ],
        [
            0.6697509913704964,
            0.9093315751245084,
            0.7104808937315303,
            0.9443265049305195
        ],
        [
            0.8967521608452471,
            0.75323347663223,
            0.6858270844477459,
            0.7077800845268394
        ]
    ],
    "max_r_matrix": [
        [
            9.139508957620972,
            7.060342224307739,
            8.435652779575953,
            -5.920041296234329
        ],
        [
            -9.082424144354862,
            -9.342122155506285,
            -9.982848990829869,
            3.8240622624521023
        ],
        [
            -4.008924689542102,
            1.672675692558915,
            6.73471009767654,
            8.076557339295633
        ],
        [
            6.852039270073071,
            0.052702516679561384,
            -2.3537318365631847,
            6.55646828104565
        ]
    ],
    "friction": 0.1
}