{
    "num_types": 4,
    "particles_per_type": 100,
    "attraction_matrix": [
        [
            -0.04593533740803388,
            -0.04705435199919718,
            0.0009957208631373518,
            0.009217974693540076
        ],
        [
            -0.01722118824060414,
            0.0022118328322874095,
            -0.018176869244097615,
            -0.033723120600277656
        ],
        [
            0.006306081119000474,
            -0.043586476865372925,
            0.0013179093112634654,
            -0.0031411108127900045
        ],
        [
            0.02536804119194598,
            -0.04814345306139493,
            0.02213314580181877,
            0.023727302561833946
        ]
    ],
    "min_r_matrix": [
        [
            0.6528379751954998,
            0.5893393889628571,
            0.8685182394102631,
            0.836402278652243
        ],
        [
            0.7661546148298891,
            0.555220427875019,
            0.8812734195245493,
            0.8376473123469259
        ],
        [
            0.5699810491449412,
            0.9774736895515093,
            0.6957273741989562,
            0.5822929363274827
        ],
        [
            0.9067622952302835,
            0.8645617254596398,
            0.8824922973340501,
            0.8521038773772907
        ]
    ],
    "max_r_matrix": [
        [
            2.1297692767130645,
            8.212628956628414,
            6.564495938894137,
            1.8999470487835701
        ],
        [
            -6.568641298681932,
            -5.083520505451917,
            -4.529383571606318,
            -5.591007970969741
        ],
        [
            2.027111122182559,
            7.8468319074407376,
            -5.2644453035491185,
            -5.518024095356219
        ],
        [
            7.868405077952303,
            9.282219672878163,
            -8.952079175451487,
            -9.548713226939139
        ]
    ],
    "friction": 0.1
}